Reincarnated.Store,Type,Name,SKU,Categories,Regular price,In stock?,Description,Image_alt,Image_back,Image_front,Image_side,Audio_URL,Video_URL,Kunaki_URL,Album_Back,Album_Side,Album_Disc
Reincarnated.Store,Apparel,Hawk Vision T-Shirt,HE-001,Hawk Eye The Rapper > Apparel,25.0,1.0,T-shirt featuring a hawk's eye with musical notes in graffiti style. Color scheme: Black and Neon Green.,https://pub-a56823b59c6247ebba0bb168d783ba17.r2.dev/src/images/HE-001/Hawk_Vision_T-Shirt_alt.png,https://pub-a56823b59c6247ebba0bb168d783ba17.r2.dev/src/images/HE-001/Hawk_Vision_T-Shirt_back.png,https://pub-a56823b59c6247ebba0bb168d783ba17.r2.dev/src/images/HE-001/Hawk_Vision_T-Shirt_front.png,https://pub-a56823b59c6247ebba0bb168d783ba17.r2.dev/src/images/HE-001/Hawk_Vision_T-Shirt_side.png,,,,,,
Reincarnated.Store,Apparel,Graffiti Eye Long Sleeve,HE-002,Hawk Eye The Rapper > Apparel,30.0,1.0,Long sleeve shirt with Hawk Eye in bold graffiti across the chest. Color scheme: Gray and Red.,https://pub-a56823b59c6247ebba0bb168d783ba17.r2.dev/src/images/HE-002/Graffiti_Eye_Long_Sleeve_alt.png,https://pub-a56823b59c6247ebba0bb168d783ba17.r2.dev/src/images/HE-002/Graffiti_Eye_Long_Sleeve_back.png,https://pub-a56823b59c6247ebba0bb168d783ba17.r2.dev/src/images/HE-002/Graffiti_Eye_Long_Sleeve_front.png,https://pub-a56823b59c6247ebba0bb168d783ba17.r2.dev/src/images/HE-002/Graffiti_Eye_Long_Sleeve_side.png,,,,,,
Reincarnated.Store,Apparel,Visionary Lyrics Hoodie,HE-003,Hawk Eye The Rapper > Apparel,50.0,1.0,Hoodie displaying stylized lyrics forming a hawk silhouette. Color scheme: Black and Gold.,https://pub-a56823b59c6247ebba0bb168d783ba17.r2.dev/src/images/HE-003/Visionary_Lyrics_Hoodie_alt.png,https://pub-a56823b59c6247ebba0bb168d783ba17.r2.dev/src/images/HE-003/Visionary_Lyrics_Hoodie_back.png,https://pub-a56823b59c6247ebba0bb168d783ba17.r2.dev/src/images/HE-003/Visionary_Lyrics_Hoodie_front.png,https://pub-a56823b59c6247ebba0bb168d783ba17.r2.dev/src/images/HE-003/Visionary_Lyrics_Hoodie_side.png,,,,,,
Reincarnated.Store,Apparel,Winged Mic Bomber Jacket,HE-004,Hawk Eye The Rapper > Apparel,60.0,1.0,Bomber jacket with a winged microphone graphic on the back. Color scheme: Army Green and White.,https://pub-a56823b59c6247ebba0bb168d783ba17.r2.dev/src/images/HE-004/Winged_Mic_Bomber_Jacket_alt.png,https://pub-a56823b59c6247ebba0bb168d783ba17.r2.dev/src/images/HE-004/Winged_Mic_Bomber_Jacket_back.png,https://pub-a56823b59c6247ebba0bb168d783ba17.r2.dev/src/images/HE-004/Winged_Mic_Bomber_Jacket_front.png,https://pub-a56823b59c6247ebba0bb168d783ba17.r2.dev/src/images/HE-004/Winged_Mic_Bomber_Jacket_side.png,,,,,,
Reincarnated.Store,Apparel,Hawk Emblem Jersey,HE-005,Hawk Eye The Rapper > Apparel,45.0,1.0,Sports jersey featuring a hawk emblem and number print. Color scheme: Black and Orange.,https://pub-a56823b59c6247ebba0bb168d783ba17.r2.dev/src/images/HE-005/Hawk_Emblem_Jersey_alt.png,https://pub-a56823b59c6247ebba0bb168d783ba17.r2.dev/src/images/HE-005/Hawk_Emblem_Jersey_back.png,https://pub-a56823b59c6247ebba0bb168d783ba17.r2.dev/src/images/HE-005/Hawk_Emblem_Jersey_front.png,https://pub-a56823b59c6247ebba0bb168d783ba17.r2.dev/src/images/HE-005/Hawk_Emblem_Jersey_side.png,,,,,,
Reincarnated.Store,Apparel,Urban Camo Snapback Cap,HE-006,Hawk Eye The Rapper > Accessories,30.0,1.0,Camouflage-pattern snapback cap with hawk logo embroidery. Color scheme: Green Camo and Black.,https://pub-a56823b59c6247ebba0bb168d783ba17.r2.dev/src/images/HE-006/Urban_Camo_Snapback_Cap_alt.png,https://pub-a56823b59c6247ebba0bb168d783ba17.r2.dev/src/images/HE-006/Urban_Camo_Snapback_Cap_back.png,https://pub-a56823b59c6247ebba0bb168d783ba17.r2.dev/src/images/HE-006/Urban_Camo_Snapback_Cap_front.png,https://pub-a56823b59c6247ebba0bb168d783ba17.r2.dev/src/images/HE-006/Urban_Camo_Snapback_Cap_side.png,,,,,,
Reincarnated.Store,Apparel,Eye of the Hawk Phone Case,HE-007,Hawk Eye The Rapper > Accessories,15.0,1.0,Phone case featuring a close-up hawk eye graphic. Color scheme: Black and Yellow.,https://pub-a56823b59c6247ebba0bb168d783ba17.r2.dev/src/images/HE-007/Eye_of_the_Hawk_Phone_Case_alt.png,https://pub-a56823b59c6247ebba0bb168d783ba17.r2.dev/src/images/HE-007/Eye_of_the_Hawk_Phone_Case_back.png,https://pub-a56823b59c6247ebba0bb168d783ba17.r2.dev/src/images/HE-007/Eye_of_the_Hawk_Phone_Case_front.png,https://pub-a56823b59c6247ebba0bb168d783ba17.r2.dev/src/images/HE-007/Eye_of_the_Hawk_Phone_Case_side.png,,,,,,
Reincarnated.Store,Apparel,Golden Hawk Keychain,HE-008,Hawk Eye The Rapper > Accessories,10.0,1.0,Metal keychain with a golden hawk emblem charm. Color scheme: Gold and Black.,https://pub-a56823b59c6247ebba0bb168d783ba17.r2.dev/src/images/HE-008/Golden_Hawk_Keychain_alt.png,https://pub-a56823b59c6247ebba0bb168d783ba17.r2.dev/src/images/HE-008/Golden_Hawk_Keychain_back.png,https://pub-a56823b59c6247ebba0bb168d783ba17.r2.dev/src/images/HE-008/Golden_Hawk_Keychain_front.png,https://pub-a56823b59c6247ebba0bb168d783ba17.r2.dev/src/images/HE-008/Golden_Hawk_Keychain_side.png,,,,,,
Reincarnated.Store,Apparel,Hawk Eye Enamel Pin,HE-009,Hawk Eye The Rapper > Accessories,8.0,1.0,Enamel pin of the Hawk Eye logo for jackets or bags. Color scheme: Black and Silver.,https://pub-a56823b59c6247ebba0bb168d783ba17.r2.dev/src/images/HE-009/Hawk_Eye_Enamel_Pin_alt.png,https://pub-a56823b59c6247ebba0bb168d783ba17.r2.dev/src/images/HE-009/Hawk_Eye_Enamel_Pin_back.png,https://pub-a56823b59c6247ebba0bb168d783ba17.r2.dev/src/images/HE-009/Hawk_Eye_Enamel_Pin_front.png,https://pub-a56823b59c6247ebba0bb168d783ba17.r2.dev/src/images/HE-009/Hawk_Eye_Enamel_Pin_side.png,,,,,,
Reincarnated.Store,Apparel,Eye on the Prize Wristband,HE-010,Hawk Eye The Rapper > Accessories,5.0,1.0,Black silicone wristband debossed with Eye on the Prize motto. Color scheme: Black and White.,https://pub-a56823b59c6247ebba0bb168d783ba17.r2.dev/src/images/HE-010/Eye_on_the_Prize_Wristband_alt.png,https://pub-a56823b59c6247ebba0bb168d783ba17.r2.dev/src/images/HE-010/Eye_on_the_Prize_Wristband_back.png,https://pub-a56823b59c6247ebba0bb168d783ba17.r2.dev/src/images/HE-010/Eye_on_the_Prize_Wristband_front.png,https://pub-a56823b59c6247ebba0bb168d783ba17.r2.dev/src/images/HE-010/Eye_on_the_Prize_Wristband_side.png,,,,,,
Reincarnated.Store,Apparel,Graffiti Tag Poster,HE-011,Hawk Eye The Rapper > Posters,15.0,1.0,Poster with Hawk Eye's name in vibrant graffiti lettering. Color scheme: Multicolor on Black.,https://pub-a56823b59c6247ebba0bb168d783ba17.r2.dev/src/images/HE-011/Graffiti_Tag_Poster_alt.png,https://pub-a56823b59c6247ebba0bb168d783ba17.r2.dev/src/images/HE-011/Graffiti_Tag_Poster_back.png,https://pub-a56823b59c6247ebba0bb168d783ba17.r2.dev/src/images/HE-011/Graffiti_Tag_Poster_front.png,https://pub-a56823b59c6247ebba0bb168d783ba17.r2.dev/src/images/HE-011/Graffiti_Tag_Poster_side.png,,,,,,
Reincarnated.Store,Apparel,City Skyline Hawk Poster,HE-012,Hawk Eye The Rapper > Posters,15.0,1.0,Art poster of a hawk flying over an urban city skyline at dusk. Color scheme: Orange and Purple.,https://pub-a56823b59c6247ebba0bb168d783ba17.r2.dev/src/images/HE-012/City_Skyline_Hawk_Poster_alt.png,https://pub-a56823b59c6247ebba0bb168d783ba17.r2.dev/src/images/HE-012/City_Skyline_Hawk_Poster_back.png,https://pub-a56823b59c6247ebba0bb168d783ba17.r2.dev/src/images/HE-012/City_Skyline_Hawk_Poster_front.png,https://pub-a56823b59c6247ebba0bb168d783ba17.r2.dev/src/images/HE-012/City_Skyline_Hawk_Poster_side.png,,,,,,
Reincarnated.Store,Apparel,Winged Mic Art Poster,HE-013,Hawk Eye The Rapper > Posters,20.0,1.0,Illustrated poster of a microphone with wings and music notes. Color scheme: Black and White.,https://pub-a56823b59c6247ebba0bb168d783ba17.r2.dev/src/images/HE-013/Winged_Mic_Art_Poster_alt.png,https://pub-a56823b59c6247ebba0bb168d783ba17.r2.dev/src/images/HE-013/Winged_Mic_Art_Poster_back.png,https://pub-a56823b59c6247ebba0bb168d783ba17.r2.dev/src/images/HE-013/Winged_Mic_Art_Poster_front.png,https://pub-a56823b59c6247ebba0bb168d783ba17.r2.dev/src/images/HE-013/Winged_Mic_Art_Poster_side.png,,,,,,
Reincarnated.Store,Apparel,Hawk Eye Logo Sticker,HE-014,Hawk Eye The Rapper > Stickers,3.0,1.0,Die-cut sticker of the Hawk Eye logo in full color. Color scheme: Brown and Yellow.,https://pub-a56823b59c6247ebba0bb168d783ba17.r2.dev/src/images/HE-014/Hawk_Eye_Logo_Sticker_alt.png,https://pub-a56823b59c6247ebba0bb168d783ba17.r2.dev/src/images/HE-014/Hawk_Eye_Logo_Sticker_back.png,https://pub-a56823b59c6247ebba0bb168d783ba17.r2.dev/src/images/HE-014/Hawk_Eye_Logo_Sticker_front.png,https://pub-a56823b59c6247ebba0bb168d783ba17.r2.dev/src/images/HE-014/Hawk_Eye_Logo_Sticker_side.png,,,,,,
Reincarnated.Store,Apparel,Street Graffiti Sticker,HE-015,Hawk Eye The Rapper > Stickers,3.0,1.0,Sticker mimicking a graffiti tag of Hawk Eye's name. Color scheme: Red and Black.,https://pub-a56823b59c6247ebba0bb168d783ba17.r2.dev/src/images/HE-015/Street_Graffiti_Sticker_alt.png,https://pub-a56823b59c6247ebba0bb168d783ba17.r2.dev/src/images/HE-015/Street_Graffiti_Sticker_back.png,https://pub-a56823b59c6247ebba0bb168d783ba17.r2.dev/src/images/HE-015/Street_Graffiti_Sticker_front.png,https://pub-a56823b59c6247ebba0bb168d783ba17.r2.dev/src/images/HE-015/Street_Graffiti_Sticker_side.png,,,,,,
Reincarnated.Store,Apparel,Omniversal Logo T-Shirt,OM-001,Omniversal > Apparel,20.0,1.0,T-shirt with the Omniversal logo and a subtle galaxy background. Color scheme: Navy Blue and White.,https://pub-a56823b59c6247ebba0bb168d783ba17.r2.dev/src/images/OM-001/Omniversal_Logo_T-Shirt_alt.png,https://pub-a56823b59c6247ebba0bb168d783ba17.r2.dev/src/images/OM-001/Omniversal_Logo_T-Shirt_back.png,https://pub-a56823b59c6247ebba0bb168d783ba17.r2.dev/src/images/OM-001/Omniversal_Logo_T-Shirt_front.png,https://pub-a56823b59c6247ebba0bb168d783ba17.r2.dev/src/images/OM-001/Omniversal_Logo_T-Shirt_side.png,,,,,,
Reincarnated.Store,Apparel,Galactic Dreams T-Shirt,OM-002,Omniversal > Apparel,25.0,1.0,Tee featuring a vibrant galaxy print with shooting stars. Color scheme: Black and Purple.,https://pub-a56823b59c6247ebba0bb168d783ba17.r2.dev/src/images/OM-002/Galactic_Dreams_T-Shirt_alt.png,https://pub-a56823b59c6247ebba0bb168d783ba17.r2.dev/src/images/OM-002/Galactic_Dreams_T-Shirt_back.png,https://pub-a56823b59c6247ebba0bb168d783ba17.r2.dev/src/images/OM-002/Galactic_Dreams_T-Shirt_front.png,https://pub-a56823b59c6247ebba0bb168d783ba17.r2.dev/src/images/OM-002/Galactic_Dreams_T-Shirt_side.png,,,,,,
Reincarnated.Store,Apparel,Cosmic Unity Hoodie,OM-003,Omniversal > Apparel,45.0,1.0,Hoodie displaying interconnected planets symbolizing unity. Color scheme: Dark Gray and Blue.,https://pub-a56823b59c6247ebba0bb168d783ba17.r2.dev/src/images/OM-003/Cosmic_Unity_Hoodie_alt.png,https://pub-a56823b59c6247ebba0bb168d783ba17.r2.dev/src/images/OM-003/Cosmic_Unity_Hoodie_back.png,https://pub-a56823b59c6247ebba0bb168d783ba17.r2.dev/src/images/OM-003/Cosmic_Unity_Hoodie_front.png,https://pub-a56823b59c6247ebba0bb168d783ba17.r2.dev/src/images/OM-003/Cosmic_Unity_Hoodie_side.png,,,,,,
Reincarnated.Store,Apparel,Infinite Cosmos Long Sleeve,OM-004,Omniversal > Apparel,30.0,1.0,Long sleeve shirt with an infinite universe illustration on the back. Color scheme: Black and Teal.,https://pub-a56823b59c6247ebba0bb168d783ba17.r2.dev/src/images/OM-004/Infinite_Cosmos_Long_Sleeve_alt.png,https://pub-a56823b59c6247ebba0bb168d783ba17.r2.dev/src/images/OM-004/Infinite_Cosmos_Long_Sleeve_back.png,https://pub-a56823b59c6247ebba0bb168d783ba17.r2.dev/src/images/OM-004/Infinite_Cosmos_Long_Sleeve_front.png,https://pub-a56823b59c6247ebba0bb168d783ba17.r2.dev/src/images/OM-004/Infinite_Cosmos_Long_Sleeve_side.png,,,,,,
Reincarnated.Store,Apparel,Nebula Bomber Jacket,OM-005,Omniversal > Apparel,60.0,1.0,Bomber jacket featuring an all-over nebula cloud print. Color scheme: Purple and Pink.,https://pub-a56823b59c6247ebba0bb168d783ba17.r2.dev/src/images/OM-005/Nebula_Bomber_Jacket_alt.png,https://pub-a56823b59c6247ebba0bb168d783ba17.r2.dev/src/images/OM-005/Nebula_Bomber_Jacket_back.png,https://pub-a56823b59c6247ebba0bb168d783ba17.r2.dev/src/images/OM-005/Nebula_Bomber_Jacket_front.png,https://pub-a56823b59c6247ebba0bb168d783ba17.r2.dev/src/images/OM-005/Nebula_Bomber_Jacket_side.png,,,,,,
Reincarnated.Store,Apparel,Galaxy Phone Case,OM-006,Omniversal > Accessories,15.0,1.0,Phone case with a colorful spiral galaxy design. Color scheme: Blue and Purple.,https://pub-a56823b59c6247ebba0bb168d783ba17.r2.dev/src/images/OM-006/Galaxy_Phone_Case_alt.png,https://pub-a56823b59c6247ebba0bb168d783ba17.r2.dev/src/images/OM-006/Galaxy_Phone_Case_back.png,https://pub-a56823b59c6247ebba0bb168d783ba17.r2.dev/src/images/OM-006/Galaxy_Phone_Case_front.png,https://pub-a56823b59c6247ebba0bb168d783ba17.r2.dev/src/images/OM-006/Galaxy_Phone_Case_side.png,,,,,,
Reincarnated.Store,Apparel,Cosmic Coffee Mug,OM-007,Omniversal > Accessories,12.0,1.0,Ceramic mug printed with a starry night sky and Omniversal text. Color scheme: Black and Silver.,https://pub-a56823b59c6247ebba0bb168d783ba17.r2.dev/src/images/OM-007/Cosmic_Coffee_Mug_alt.png,https://pub-a56823b59c6247ebba0bb168d783ba17.r2.dev/src/images/OM-007/Cosmic_Coffee_Mug_back.png,https://pub-a56823b59c6247ebba0bb168d783ba17.r2.dev/src/images/OM-007/Cosmic_Coffee_Mug_front.png,https://pub-a56823b59c6247ebba0bb168d783ba17.r2.dev/src/images/OM-007/Cosmic_Coffee_Mug_side.png,,,,,,
Reincarnated.Store,Apparel,Omniversal Logo Keychain,OM-008,Omniversal > Accessories,8.0,1.0,Acrylic keychain with the Omniversal emblem in full color. Color scheme: Blue and White.,https://pub-a56823b59c6247ebba0bb168d783ba17.r2.dev/src/images/OM-008/Omniversal_Logo_Keychain_alt.png,https://pub-a56823b59c6247ebba0bb168d783ba17.r2.dev/src/images/OM-008/Omniversal_Logo_Keychain_back.png,https://pub-a56823b59c6247ebba0bb168d783ba17.r2.dev/src/images/OM-008/Omniversal_Logo_Keychain_front.png,https://pub-a56823b59c6247ebba0bb168d783ba17.r2.dev/src/images/OM-008/Omniversal_Logo_Keychain_side.png,,,,,,
Reincarnated.Store,Apparel,Celestial Canvas Tote Bag,OM-009,Omniversal > Accessories,15.0,1.0,Canvas tote bag printed with planets and stars artwork. Color scheme: Black and Multicolor.,https://pub-a56823b59c6247ebba0bb168d783ba17.r2.dev/src/images/OM-009/Celestial_Canvas_Tote_Bag_alt.png,https://pub-a56823b59c6247ebba0bb168d783ba17.r2.dev/src/images/OM-009/Celestial_Canvas_Tote_Bag_back.png,https://pub-a56823b59c6247ebba0bb168d783ba17.r2.dev/src/images/OM-009/Celestial_Canvas_Tote_Bag_front.png,https://pub-a56823b59c6247ebba0bb168d783ba17.r2.dev/src/images/OM-009/Celestial_Canvas_Tote_Bag_side.png,,,,,,
Reincarnated.Store,Apparel,Stardust Cap,OM-010,Omniversal > Accessories,25.0,1.0,Black cap speckled with embroidered stars and Omniversal text. Color scheme: Black and White.,https://pub-a56823b59c6247ebba0bb168d783ba17.r2.dev/src/images/OM-010/Stardust_Cap_alt.png,https://pub-a56823b59c6247ebba0bb168d783ba17.r2.dev/src/images/OM-010/Stardust_Cap_back.png,https://pub-a56823b59c6247ebba0bb168d783ba17.r2.dev/src/images/OM-010/Stardust_Cap_front.png,https://pub-a56823b59c6247ebba0bb168d783ba17.r2.dev/src/images/OM-010/Stardust_Cap_side.png,,,,,,
Reincarnated.Store,Apparel,Omniversal Galaxy Poster,OM-011,Omniversal > Posters,15.0,1.0,Large poster showcasing a spiral galaxy with the Omniversal logo. Color scheme: Blue and Black.,https://pub-a56823b59c6247ebba0bb168d783ba17.r2.dev/src/images/OM-011/Omniversal_Galaxy_Poster_alt.png,https://pub-a56823b59c6247ebba0bb168d783ba17.r2.dev/src/images/OM-011/Omniversal_Galaxy_Poster_back.png,https://pub-a56823b59c6247ebba0bb168d783ba17.r2.dev/src/images/OM-011/Omniversal_Galaxy_Poster_front.png,https://pub-a56823b59c6247ebba0bb168d783ba17.r2.dev/src/images/OM-011/Omniversal_Galaxy_Poster_side.png,,,,,,
Reincarnated.Store,Apparel,Cosmic Mandala Poster,OM-012,Omniversal > Posters,15.0,1.0,Poster of a mandala made of stars and planets. Color scheme: Purple and Gold.,https://pub-a56823b59c6247ebba0bb168d783ba17.r2.dev/src/images/OM-012/Cosmic_Mandala_Poster_alt.png,https://pub-a56823b59c6247ebba0bb168d783ba17.r2.dev/src/images/OM-012/Cosmic_Mandala_Poster_back.png,https://pub-a56823b59c6247ebba0bb168d783ba17.r2.dev/src/images/OM-012/Cosmic_Mandala_Poster_front.png,https://pub-a56823b59c6247ebba0bb168d783ba17.r2.dev/src/images/OM-012/Cosmic_Mandala_Poster_side.png,,,,,,
Reincarnated.Store,Apparel,Celestial Alignment Poster,OM-013,Omniversal > Posters,20.0,1.0,Artwork poster depicting planets aligned in a cosmic scene. Color scheme: Blue and Orange.,https://pub-a56823b59c6247ebba0bb168d783ba17.r2.dev/src/images/OM-013/Celestial_Alignment_Poster_alt.png,https://pub-a56823b59c6247ebba0bb168d783ba17.r2.dev/src/images/OM-013/Celestial_Alignment_Poster_back.png,https://pub-a56823b59c6247ebba0bb168d783ba17.r2.dev/src/images/OM-013/Celestial_Alignment_Poster_front.png,https://pub-a56823b59c6247ebba0bb168d783ba17.r2.dev/src/images/OM-013/Celestial_Alignment_Poster_side.png,,,,,,
Reincarnated.Store,Apparel,Omniversal Logo Sticker,OM-014,Omniversal > Stickers,3.0,1.0,Round sticker featuring the Omniversal logo and starfield background. Color scheme: Blue and White.,https://pub-a56823b59c6247ebba0bb168d783ba17.r2.dev/src/images/OM-014/Omniversal_Logo_Sticker_alt.png,https://pub-a56823b59c6247ebba0bb168d783ba17.r2.dev/src/images/OM-014/Omniversal_Logo_Sticker_back.png,https://pub-a56823b59c6247ebba0bb168d783ba17.r2.dev/src/images/OM-014/Omniversal_Logo_Sticker_front.png,https://pub-a56823b59c6247ebba0bb168d783ba17.r2.dev/src/images/OM-014/Omniversal_Logo_Sticker_side.png,,,,,,
Reincarnated.Store,Apparel,Holographic Galaxy Sticker,OM-015,Omniversal > Stickers,4.0,1.0,Holographic sticker with a mini galaxy and planets. Color scheme: Rainbow on Black.,https://pub-a56823b59c6247ebba0bb168d783ba17.r2.dev/src/images/OM-015/Holographic_Galaxy_Sticker_alt.png,https://pub-a56823b59c6247ebba0bb168d783ba17.r2.dev/src/images/OM-015/Holographic_Galaxy_Sticker_back.png,https://pub-a56823b59c6247ebba0bb168d783ba17.r2.dev/src/images/OM-015/Holographic_Galaxy_Sticker_front.png,https://pub-a56823b59c6247ebba0bb168d783ba17.r2.dev/src/images/OM-015/Holographic_Galaxy_Sticker_side.png,,,,,,
Reincarnated.Store,Apparel,Phoenix Rebirth T-Shirt,R2R-001,Reincarnated2Resist > Apparel,20.0,1.0,T-shirt featuring a fiery phoenix rising from ashes. Color scheme: Black and Orange.,https://pub-a56823b59c6247ebba0bb168d783ba17.r2.dev/src/images/R2R-001/Phoenix_Rebirth_T-Shirt_alt.png,https://pub-a56823b59c6247ebba0bb168d783ba17.r2.dev/src/images/R2R-001/Phoenix_Rebirth_T-Shirt_back.png,https://pub-a56823b59c6247ebba0bb168d783ba17.r2.dev/src/images/R2R-001/Phoenix_Rebirth_T-Shirt_front.png,https://pub-a56823b59c6247ebba0bb168d783ba17.r2.dev/src/images/R2R-001/Phoenix_Rebirth_T-Shirt_side.png,,,,,,
Reincarnated.Store,Apparel,Resist Forever Hoodie,R2R-002,Reincarnated2Resist > Apparel,45.0,1.0,Hoodie with bold RESIST text and flame accents. Color scheme: Black and Red.,https://pub-a56823b59c6247ebba0bb168d783ba17.r2.dev/src/images/R2R-002/Resist_Forever_Hoodie_alt.png,https://pub-a56823b59c6247ebba0bb168d783ba17.r2.dev/src/images/R2R-002/Resist_Forever_Hoodie_back.png,https://pub-a56823b59c6247ebba0bb168d783ba17.r2.dev/src/images/R2R-002/Resist_Forever_Hoodie_front.png,https://pub-a56823b59c6247ebba0bb168d783ba17.r2.dev/src/images/R2R-002/Resist_Forever_Hoodie_side.png,,,,,,
Reincarnated.Store,Apparel,Rebel Camo Jacket,R2R-003,Reincarnated2Resist > Apparel,50.0,1.0,Camouflage jacket adorned with the R2R emblem and patches. Color scheme: Green Camo and Black.,https://pub-a56823b59c6247ebba0bb168d783ba17.r2.dev/src/images/R2R-003/Rebel_Camo_Jacket_alt.png,https://pub-a56823b59c6247ebba0bb168d783ba17.r2.dev/src/images/R2R-003/Rebel_Camo_Jacket_back.png,https://pub-a56823b59c6247ebba0bb168d783ba17.r2.dev/src/images/R2R-003/Rebel_Camo_Jacket_front.png,https://pub-a56823b59c6247ebba0bb168d783ba17.r2.dev/src/images/R2R-003/Rebel_Camo_Jacket_side.png,,,,,,
Reincarnated.Store,Apparel,No Chains Long Sleeve,R2R-004,Reincarnated2Resist > Apparel,30.0,1.0,Long sleeve tee showing broken chains to symbolize freedom. Color scheme: Gray and Black.,https://pub-a56823b59c6247ebba0bb168d783ba17.r2.dev/src/images/R2R-004/No_Chains_Long_Sleeve_alt.png,https://pub-a56823b59c6247ebba0bb168d783ba17.r2.dev/src/images/R2R-004/No_Chains_Long_Sleeve_back.png,https://pub-a56823b59c6247ebba0bb168d783ba17.r2.dev/src/images/R2R-004/No_Chains_Long_Sleeve_front.png,https://pub-a56823b59c6247ebba0bb168d783ba17.r2.dev/src/images/R2R-004/No_Chains_Long_Sleeve_side.png,,,,,,
Reincarnated.Store,Apparel,Resistance Symbol Tank Top,R2R-005,Reincarnated2Resist > Apparel,20.0,1.0,Tank top with a raised fist graphic and R2R tagline. Color scheme: White and Black.,https://pub-a56823b59c6247ebba0bb168d783ba17.r2.dev/src/images/R2R-005/Resistance_Symbol_Tank_Top_alt.png,https://pub-a56823b59c6247ebba0bb168d783ba17.r2.dev/src/images/R2R-005/Resistance_Symbol_Tank_Top_back.png,https://pub-a56823b59c6247ebba0bb168d783ba17.r2.dev/src/images/R2R-005/Resistance_Symbol_Tank_Top_front.png,https://pub-a56823b59c6247ebba0bb168d783ba17.r2.dev/src/images/R2R-005/Resistance_Symbol_Tank_Top_side.png,,,,,,
Reincarnated.Store,Apparel,Resistance Fist Keychain,R2R-006,Reincarnated2Resist > Accessories,7.0,1.0,Metal keychain featuring a raised fist symbol charm. Color scheme: Silver and Black.,https://pub-a56823b59c6247ebba0bb168d783ba17.r2.dev/src/images/R2R-006/Resistance_Fist_Keychain_alt.png,https://pub-a56823b59c6247ebba0bb168d783ba17.r2.dev/src/images/R2R-006/Resistance_Fist_Keychain_back.png,https://pub-a56823b59c6247ebba0bb168d783ba17.r2.dev/src/images/R2R-006/Resistance_Fist_Keychain_front.png,https://pub-a56823b59c6247ebba0bb168d783ba17.r2.dev/src/images/R2R-006/Resistance_Fist_Keychain_side.png,,,,,,
Reincarnated.Store,Apparel,Phoenix Flame Enamel Pin,R2R-007,Reincarnated2Resist > Accessories,8.0,1.0,Enamel pin depicting a phoenix with flames. Color scheme: Red and Gold.,https://pub-a56823b59c6247ebba0bb168d783ba17.r2.dev/src/images/R2R-007/Phoenix_Flame_Enamel_Pin_alt.png,https://pub-a56823b59c6247ebba0bb168d783ba17.r2.dev/src/images/R2R-007/Phoenix_Flame_Enamel_Pin_back.png,https://pub-a56823b59c6247ebba0bb168d783ba17.r2.dev/src/images/R2R-007/Phoenix_Flame_Enamel_Pin_front.png,https://pub-a56823b59c6247ebba0bb168d783ba17.r2.dev/src/images/R2R-007/Phoenix_Flame_Enamel_Pin_side.png,,,,,,
Reincarnated.Store,Apparel,Never Surrender Wristband,R2R-008,Reincarnated2Resist > Accessories,5.0,1.0,Red silicone wristband embossed with Never Surrender. Color scheme: Red and White.,https://pub-a56823b59c6247ebba0bb168d783ba17.r2.dev/src/images/R2R-008/Never_Surrender_Wristband_alt.png,https://pub-a56823b59c6247ebba0bb168d783ba17.r2.dev/src/images/R2R-008/Never_Surrender_Wristband_back.png,https://pub-a56823b59c6247ebba0bb168d783ba17.r2.dev/src/images/R2R-008/Never_Surrender_Wristband_front.png,https://pub-a56823b59c6247ebba0bb168d783ba17.r2.dev/src/images/R2R-008/Never_Surrender_Wristband_side.png,,,,,,
Reincarnated.Store,Apparel,Embroidered Rebel Patch,R2R-009,Reincarnated2Resist > Accessories,6.0,1.0,Embroidered patch with the Reincarnated2Resist phoenix emblem. Color scheme: Black and Orange.,https://pub-a56823b59c6247ebba0bb168d783ba17.r2.dev/src/images/R2R-009/Embroidered_Rebel_Patch_alt.png,https://pub-a56823b59c6247ebba0bb168d783ba17.r2.dev/src/images/R2R-009/Embroidered_Rebel_Patch_back.png,https://pub-a56823b59c6247ebba0bb168d783ba17.r2.dev/src/images/R2R-009/Embroidered_Rebel_Patch_front.png,https://pub-a56823b59c6247ebba0bb168d783ba17.r2.dev/src/images/R2R-009/Embroidered_Rebel_Patch_side.png,,,,,,
Reincarnated.Store,Apparel,Freedom Bandana,R2R-010,Reincarnated2Resist > Accessories,10.0,1.0,Black bandana printed with a white phoenix and protest slogans. Color scheme: Black and White.,https://pub-a56823b59c6247ebba0bb168d783ba17.r2.dev/src/images/R2R-010/Freedom_Bandana_alt.png,https://pub-a56823b59c6247ebba0bb168d783ba17.r2.dev/src/images/R2R-010/Freedom_Bandana_back.png,https://pub-a56823b59c6247ebba0bb168d783ba17.r2.dev/src/images/R2R-010/Freedom_Bandana_front.png,https://pub-a56823b59c6247ebba0bb168d783ba17.r2.dev/src/images/R2R-010/Freedom_Bandana_side.png,,,,,,
Reincarnated.Store,Apparel,Phoenix Rising Poster,R2R-011,Reincarnated2Resist > Posters,10.0,1.0,Poster of a phoenix rising with the text Reborn to Resist. Color scheme: Orange and Black.,https://pub-a56823b59c6247ebba0bb168d783ba17.r2.dev/src/images/R2R-011/Phoenix_Rising_Poster_alt.png,https://pub-a56823b59c6247ebba0bb168d783ba17.r2.dev/src/images/R2R-011/Phoenix_Rising_Poster_back.png,https://pub-a56823b59c6247ebba0bb168d783ba17.r2.dev/src/images/R2R-011/Phoenix_Rising_Poster_front.png,https://pub-a56823b59c6247ebba0bb168d783ba17.r2.dev/src/images/R2R-011/Phoenix_Rising_Poster_side.png,,,,,,
Reincarnated.Store,Apparel,Fist of Resistance Poster,R2R-012,Reincarnated2Resist > Posters,12.0,1.0,Graphic poster featuring a large raised fist and rays of light. Color scheme: Red and Black.,https://pub-a56823b59c6247ebba0bb168d783ba17.r2.dev/src/images/R2R-012/Fist_of_Resistance_Poster_alt.png,https://pub-a56823b59c6247ebba0bb168d783ba17.r2.dev/src/images/R2R-012/Fist_of_Resistance_Poster_back.png,https://pub-a56823b59c6247ebba0bb168d783ba17.r2.dev/src/images/R2R-012/Fist_of_Resistance_Poster_front.png,https://pub-a56823b59c6247ebba0bb168d783ba17.r2.dev/src/images/R2R-012/Fist_of_Resistance_Poster_side.png,,,,,,
Reincarnated.Store,Apparel,Rebellion Quote Poster,R2R-013,Reincarnated2Resist > Posters,10.0,1.0,Poster with an inspirational resistance quote in bold typography. Color scheme: Black and White.,https://pub-a56823b59c6247ebba0bb168d783ba17.r2.dev/src/images/R2R-013/Rebellion_Quote_Poster_alt.png,https://pub-a56823b59c6247ebba0bb168d783ba17.r2.dev/src/images/R2R-013/Rebellion_Quote_Poster_back.png,https://pub-a56823b59c6247ebba0bb168d783ba17.r2.dev/src/images/R2R-013/Rebellion_Quote_Poster_front.png,https://pub-a56823b59c6247ebba0bb168d783ba17.r2.dev/src/images/R2R-013/Rebellion_Quote_Poster_side.png,,,,,,
Reincarnated.Store,Apparel,Reincarnated2Resist Logo Sticker,R2R-014,Reincarnated2Resist > Stickers,3.0,1.0,Sticker of the R2R logo with phoenix and bold text. Color scheme: Black and Red.,https://pub-a56823b59c6247ebba0bb168d783ba17.r2.dev/src/images/R2R-014/Reincarnated2Resist_Logo_Sticker_alt.png,https://pub-a56823b59c6247ebba0bb168d783ba17.r2.dev/src/images/R2R-014/Reincarnated2Resist_Logo_Sticker_back.png,https://pub-a56823b59c6247ebba0bb168d783ba17.r2.dev/src/images/R2R-014/Reincarnated2Resist_Logo_Sticker_front.png,https://pub-a56823b59c6247ebba0bb168d783ba17.r2.dev/src/images/R2R-014/Reincarnated2Resist_Logo_Sticker_side.png,,,,,,
Reincarnated.Store,Apparel,Phoenix Emblem Sticker,R2R-015,Reincarnated2Resist > Stickers,4.0,1.0,Die-cut sticker of the fiery phoenix emblem alone. Color scheme: Orange and Yellow.,https://pub-a56823b59c6247ebba0bb168d783ba17.r2.dev/src/images/R2R-015/Phoenix_Emblem_Sticker_alt.png,https://pub-a56823b59c6247ebba0bb168d783ba17.r2.dev/src/images/R2R-015/Phoenix_Emblem_Sticker_back.png,https://pub-a56823b59c6247ebba0bb168d783ba17.r2.dev/src/images/R2R-015/Phoenix_Emblem_Sticker_front.png,https://pub-a56823b59c6247ebba0bb168d783ba17.r2.dev/src/images/R2R-015/Phoenix_Emblem_Sticker_side.png,,,,,,
Reincarnated.Store,Single,Will You Listen,HAWK-SG-01,digital > Single,0.69,1.0,Digital download of “Will You Listen” by Hawk Eye The Rapper.,https://pub-a56823b59c6247ebba0bb168d783ba17.r2.dev/src/audio/HAWK-SG-01/will_you_listen.mp3,https://pub-a56823b59c6247ebba0bb168d783ba17.r2.dev/src/video/HAWK-SG-01/will_you_listen.mp4,https://pub-a56823b59c6247ebba0bb168d783ba17.r2.dev/src/images/HAWK-SG-01/album_art.png,https://kunaki.com/msales.asp?PublisherId=167622&pp=1,https://pub-a56823b59c6247ebba0bb168d783ba17.r2.dev/src/images/HAWK-SG-01/audio.mp3,https://pub-a56823b59c6247ebba0bb168d783ba17.r2.dev/src/images/HAWK-SG-01/video.mp4,,,,
Reincarnated.Store,Single,Psyops,HAWK-SG-02,digital > Single,0.69,1.0,"Digital download of “Psyops"" by Hawk Eye The Rapper.",https://pub-a56823b59c6247ebba0bb168d783ba17.r2.dev/src/audio/HAWK-SG-02/psyops.mp3,https://pub-a56823b59c6247ebba0bb168d783ba17.r2.dev/src/video/HAWK-SG-02/psyops.mp4,https://pub-a56823b59c6247ebba0bb168d783ba17.r2.dev/src/images/HAWK-SG-02/album_art.png,https://kunaki.com/msales.asp?PublisherId=167622&pp=1,https://pub-a56823b59c6247ebba0bb168d783ba17.r2.dev/src/images/HAWK-SG-02/audio.mp3,https://pub-a56823b59c6247ebba0bb168d783ba17.r2.dev/src/images/HAWK-SG-02/video.mp4,,,,
Reincarnated.Store,Single,Incantations,HAWK-SG-03,digital > Single,0.69,1.0,"Digital download of “Incantations"" by Hawk Eye The Rapper.",https://pub-a56823b59c6247ebba0bb168d783ba17.r2.dev/src/audio/HAWK-SG-03/incantations.mp3,https://pub-a56823b59c6247ebba0bb168d783ba17.r2.dev/src/video/HAWK-SG-03/incantations.mp4,https://pub-a56823b59c6247ebba0bb168d783ba17.r2.dev/src/images/HAWK-SG-03/album_art.png,https://kunaki.com/msales.asp?PublisherId=167622&pp=1,https://pub-a56823b59c6247ebba0bb168d783ba17.r2.dev/src/images/HAWK-SG-03/audio.mp3,https://pub-a56823b59c6247ebba0bb168d783ba17.r2.dev/src/images/HAWK-SG-03/video.mp4,,,,
Reincarnated.Store,Single,Mind Control,HAWK-SG-04,digital > Single,0.69,1.0,Digital download of “Mind Control” by Hawk Eye The Rapper.,https://pub-a56823b59c6247ebba0bb168d783ba17.r2.dev/src/audio/HAWK-SG-04/mind_control.mp3,https://pub-a56823b59c6247ebba0bb168d783ba17.r2.dev/src/video/HAWK-SG-04/mind_control.mp4,https://pub-a56823b59c6247ebba0bb168d783ba17.r2.dev/src/images/HAWK-SG-04/album_art.png,https://kunaki.com/msales.asp?PublisherId=167622&pp=1,https://pub-a56823b59c6247ebba0bb168d783ba17.r2.dev/src/images/HAWK-SG-04/audio.mp3,https://pub-a56823b59c6247ebba0bb168d783ba17.r2.dev/src/images/HAWK-SG-04/video.mp4,,,,
Reincarnated.Store,Single,Return Of Kings,HAWK-SG-05,digital > Single,0.69,1.0,Digital download of “Return Of Kings” by Hawk Eye The Rapper.,https://pub-a56823b59c6247ebba0bb168d783ba17.r2.dev/src/audio/HAWK-SG-05/return_of_kings.mp3,https://pub-a56823b59c6247ebba0bb168d783ba17.r2.dev/src/video/HAWK-SG-05/return_of_kings.mp4,https://pub-a56823b59c6247ebba0bb168d783ba17.r2.dev/src/images/HAWK-SG-05/album_art.png,https://kunaki.com/msales.asp?PublisherId=167622&pp=1,https://pub-a56823b59c6247ebba0bb168d783ba17.r2.dev/src/images/HAWK-SG-05/audio.mp3,https://pub-a56823b59c6247ebba0bb168d783ba17.r2.dev/src/images/HAWK-SG-05/video.mp4,,,,
Reincarnated.Store,Single,Politicians,HAWK-SG-06,digital > Single,0.69,1.0,"Digital download of “Politicians"" by Hawk Eye The Rapper.",https://pub-a56823b59c6247ebba0bb168d783ba17.r2.dev/src/audio/HAWK-SG-06/politicians.mp3,https://pub-a56823b59c6247ebba0bb168d783ba17.r2.dev/src/video/HAWK-SG-06/politicians.mp4,https://pub-a56823b59c6247ebba0bb168d783ba17.r2.dev/src/images/HAWK-SG-06/album_art.png,https://kunaki.com/msales.asp?PublisherId=167622&pp=1,https://pub-a56823b59c6247ebba0bb168d783ba17.r2.dev/src/images/HAWK-SG-06/audio.mp3,https://pub-a56823b59c6247ebba0bb168d783ba17.r2.dev/src/images/HAWK-SG-06/video.mp4,,,,
Reincarnated.Store,Full Disclosure,Swordfish,HAWK-FD-01,digital > Full Disclosure,0.69,1.0,"Digital download of ""Swordfish"" by Hawk Eye The Rapper.",https://pub-a56823b59c6247ebba0bb168d783ba17.r2.dev/src/audio/HAWK-FD-01/swordfish.mp3,https://pub-a56823b59c6247ebba0bb168d783ba17.r2.dev/src/video/HAWK-FD-01/swordfish.mp4,https://pub-a56823b59c6247ebba0bb168d783ba17.r2.dev/src/images/HAWK-FD-01/album_art.png,https://kunaki.com/Sales.asp?PID=PX00ZODS5W&PP=1,https://pub-a56823b59c6247ebba0bb168d783ba17.r2.dev/src/images/HAWK-FD-01/audio.mp3,https://pub-a56823b59c6247ebba0bb168d783ba17.r2.dev/src/images/HAWK-FD-01/video.mp4,https://Kunaki.com/MSales.asp?PublisherId=HAWK-FD-01,https://pub-a56823b59c6247ebba0bb168d783ba17.r2.dev/src/images/HAWK-FD-01/back.png,https://pub-a56823b59c6247ebba0bb168d783ba17.r2.dev/src/images/HAWK-FD-01/side.png,https://pub-a56823b59c6247ebba0bb168d783ba17.r2.dev/src/images/HAWK-FD-01/disc.png
Reincarnated.Store,Full Disclosure,Mic Check,HAWK-FD-02,digital > Full Disclosure,0.69,1.0,"Digital download of ""Mic Check"" by Hawk Eye The Rapper.",https://pub-a56823b59c6247ebba0bb168d783ba17.r2.dev/src/audio/HAWK-FD-02/mic_check.mp3,https://pub-a56823b59c6247ebba0bb168d783ba17.r2.dev/src/video/HAWK-FD-02/mic_check.mp4,https://pub-a56823b59c6247ebba0bb168d783ba17.r2.dev/src/images/HAWK-FD-02/album_art.png,https://kunaki.com/Sales.asp?PID=PX00ZODS5W&PP=1,https://pub-a56823b59c6247ebba0bb168d783ba17.r2.dev/src/images/HAWK-FD-02/audio.mp3,https://pub-a56823b59c6247ebba0bb168d783ba17.r2.dev/src/images/HAWK-FD-02/video.mp4,https://Kunaki.com/MSales.asp?PublisherId=HAWK-FD-02,https://pub-a56823b59c6247ebba0bb168d783ba17.r2.dev/src/images/HAWK-FD-02/back.png,https://pub-a56823b59c6247ebba0bb168d783ba17.r2.dev/src/images/HAWK-FD-02/side.png,https://pub-a56823b59c6247ebba0bb168d783ba17.r2.dev/src/images/HAWK-FD-02/disc.png
Reincarnated.Store,Full Disclosure,Shakur,HAWK-FD-03,digital > Full Disclosure,0.69,1.0,"Digital download of ""Shakur"" by Hawk Eye The Rapper.",https://pub-a56823b59c6247ebba0bb168d783ba17.r2.dev/src/audio/HAWK-FD-03/shakur.mp3,https://pub-a56823b59c6247ebba0bb168d783ba17.r2.dev/src/video/HAWK-FD-03/shakur.mp4,https://pub-a56823b59c6247ebba0bb168d783ba17.r2.dev/src/images/HAWK-FD-03/album_art.png,https://kunaki.com/Sales.asp?PID=PX00ZODS5W&PP=1,https://pub-a56823b59c6247ebba0bb168d783ba17.r2.dev/src/images/HAWK-FD-03/audio.mp3,https://pub-a56823b59c6247ebba0bb168d783ba17.r2.dev/src/images/HAWK-FD-03/video.mp4,https://Kunaki.com/MSales.asp?PublisherId=HAWK-FD-03,https://pub-a56823b59c6247ebba0bb168d783ba17.r2.dev/src/images/HAWK-FD-03/back.png,https://pub-a56823b59c6247ebba0bb168d783ba17.r2.dev/src/images/HAWK-FD-03/side.png,https://pub-a56823b59c6247ebba0bb168d783ba17.r2.dev/src/images/HAWK-FD-03/disc.png
Reincarnated.Store,Full Disclosure,Last One Left,HAWK-FD-04,digital > Full Disclosure,0.69,1.0,"Digital download of ""Last One Left"" by Hawk Eye The Rapper.",https://pub-a56823b59c6247ebba0bb168d783ba17.r2.dev/src/audio/HAWK-FD-04/last_one_left.mp3,https://pub-a56823b59c6247ebba0bb168d783ba17.r2.dev/src/video/HAWK-FD-04/last_one_left.mp4,https://pub-a56823b59c6247ebba0bb168d783ba17.r2.dev/src/images/HAWK-FD-04/album_art.png,https://kunaki.com/Sales.asp?PID=PX00ZODS5W&PP=1,https://pub-a56823b59c6247ebba0bb168d783ba17.r2.dev/src/images/HAWK-FD-04/audio.mp3,https://pub-a56823b59c6247ebba0bb168d783ba17.r2.dev/src/images/HAWK-FD-04/video.mp4,https://Kunaki.com/MSales.asp?PublisherId=HAWK-FD-04,https://pub-a56823b59c6247ebba0bb168d783ba17.r2.dev/src/images/HAWK-FD-04/back.png,https://pub-a56823b59c6247ebba0bb168d783ba17.r2.dev/src/images/HAWK-FD-04/side.png,https://pub-a56823b59c6247ebba0bb168d783ba17.r2.dev/src/images/HAWK-FD-04/disc.png
Reincarnated.Store,Full Disclosure,Full Disclosure,HAWK-FD-05,digital > Full Disclosure,0.69,1.0,"Digital download of ""Full Disclosure"" by Hawk Eye The Rapper.",https://pub-a56823b59c6247ebba0bb168d783ba17.r2.dev/src/audio/HAWK-FD-05/full_disclosure.mp3,https://pub-a56823b59c6247ebba0bb168d783ba17.r2.dev/src/video/HAWK-FD-05/full_disclosure.mp4,https://pub-a56823b59c6247ebba0bb168d783ba17.r2.dev/src/images/HAWK-FD-05/album_art.png,https://kunaki.com/Sales.asp?PID=PX00ZODS5W&PP=1,https://pub-a56823b59c6247ebba0bb168d783ba17.r2.dev/src/images/HAWK-FD-05/audio.mp3,https://pub-a56823b59c6247ebba0bb168d783ba17.r2.dev/src/images/HAWK-FD-05/video.mp4,https://Kunaki.com/MSales.asp?PublisherId=HAWK-FD-05,https://pub-a56823b59c6247ebba0bb168d783ba17.r2.dev/src/images/HAWK-FD-05/back.png,https://pub-a56823b59c6247ebba0bb168d783ba17.r2.dev/src/images/HAWK-FD-05/side.png,https://pub-a56823b59c6247ebba0bb168d783ba17.r2.dev/src/images/HAWK-FD-05/disc.png
Reincarnated.Store,Full Disclosure,Lifted,HAWK-FD-06,digital > Full Disclosure,0.69,1.0,"Digital download of ""Lifted"" by Hawk Eye The Rapper.",https://pub-a56823b59c6247ebba0bb168d783ba17.r2.dev/src/audio/HAWK-FD-06/lifted.mp3,https://pub-a56823b59c6247ebba0bb168d783ba17.r2.dev/src/video/HAWK-FD-06/lifted.mp4,https://pub-a56823b59c6247ebba0bb168d783ba17.r2.dev/src/images/HAWK-FD-06/album_art.png,https://kunaki.com/Sales.asp?PID=PX00ZODS5W&PP=1,https://pub-a56823b59c6247ebba0bb168d783ba17.r2.dev/src/images/HAWK-FD-06/audio.mp3,https://pub-a56823b59c6247ebba0bb168d783ba17.r2.dev/src/images/HAWK-FD-06/video.mp4,https://Kunaki.com/MSales.asp?PublisherId=HAWK-FD-06,https://pub-a56823b59c6247ebba0bb168d783ba17.r2.dev/src/images/HAWK-FD-06/back.png,https://pub-a56823b59c6247ebba0bb168d783ba17.r2.dev/src/images/HAWK-FD-06/side.png,https://pub-a56823b59c6247ebba0bb168d783ba17.r2.dev/src/images/HAWK-FD-06/disc.png
Reincarnated.Store,Full Disclosure,Fuck Society,HAWK-FD-07,digital > Full Disclosure,0.69,1.0,"Digital download of ""Fuck Society"" by Hawk Eye The Rapper.",https://pub-a56823b59c6247ebba0bb168d783ba17.r2.dev/src/audio/HAWK-FD-07/fuck_society.mp3,https://pub-a56823b59c6247ebba0bb168d783ba17.r2.dev/src/video/HAWK-FD-07/fuck_society.mp4,https://pub-a56823b59c6247ebba0bb168d783ba17.r2.dev/src/images/HAWK-FD-07/album_art.png,https://kunaki.com/Sales.asp?PID=PX00ZODS5W&PP=1,https://pub-a56823b59c6247ebba0bb168d783ba17.r2.dev/src/images/HAWK-FD-07/audio.mp3,https://pub-a56823b59c6247ebba0bb168d783ba17.r2.dev/src/images/HAWK-FD-07/video.mp4,https://Kunaki.com/MSales.asp?PublisherId=HAWK-FD-07,https://pub-a56823b59c6247ebba0bb168d783ba17.r2.dev/src/images/HAWK-FD-07/back.png,https://pub-a56823b59c6247ebba0bb168d783ba17.r2.dev/src/images/HAWK-FD-07/side.png,https://pub-a56823b59c6247ebba0bb168d783ba17.r2.dev/src/images/HAWK-FD-07/disc.png
Reincarnated.Store,Full Disclosure,Ashes,HAWK-FD-08,digital > Full Disclosure,0.69,1.0,"Digital download of ""Ashes"" by Hawk Eye The Rapper.",https://pub-a56823b59c6247ebba0bb168d783ba17.r2.dev/src/audio/HAWK-FD-08/ashes.mp3,https://pub-a56823b59c6247ebba0bb168d783ba17.r2.dev/src/video/HAWK-FD-08/ashes.mp4,https://pub-a56823b59c6247ebba0bb168d783ba17.r2.dev/src/images/HAWK-FD-08/album_art.png,https://kunaki.com/Sales.asp?PID=PX00ZODS5W&PP=1,https://pub-a56823b59c6247ebba0bb168d783ba17.r2.dev/src/images/HAWK-FD-08/audio.mp3,https://pub-a56823b59c6247ebba0bb168d783ba17.r2.dev/src/images/HAWK-FD-08/video.mp4,https://Kunaki.com/MSales.asp?PublisherId=HAWK-FD-08,https://pub-a56823b59c6247ebba0bb168d783ba17.r2.dev/src/images/HAWK-FD-08/back.png,https://pub-a56823b59c6247ebba0bb168d783ba17.r2.dev/src/images/HAWK-FD-08/side.png,https://pub-a56823b59c6247ebba0bb168d783ba17.r2.dev/src/images/HAWK-FD-08/disc.png
Reincarnated.Store,Full Disclosure,Haunted,HAWK-FD-09,digital > Full Disclosure,0.69,1.0,"Digital download of “Haunted"" by Hawk Eye The Rapper.",https://pub-a56823b59c6247ebba0bb168d783ba17.r2.dev/src/audio/HAWK-FD-09/haunted.mp3,https://pub-a56823b59c6247ebba0bb168d783ba17.r2.dev/src/video/HAWK-FD-09/haunted.mp4,https://pub-a56823b59c6247ebba0bb168d783ba17.r2.dev/src/images/HAWK-FD-09/album_art.png,https://kunaki.com/Sales.asp?PID=PX00ZODS5W&PP=1,https://pub-a56823b59c6247ebba0bb168d783ba17.r2.dev/src/images/HAWK-FD-09/audio.mp3,https://pub-a56823b59c6247ebba0bb168d783ba17.r2.dev/src/images/HAWK-FD-09/video.mp4,https://Kunaki.com/MSales.asp?PublisherId=HAWK-FD-09,https://pub-a56823b59c6247ebba0bb168d783ba17.r2.dev/src/images/HAWK-FD-09/back.png,https://pub-a56823b59c6247ebba0bb168d783ba17.r2.dev/src/images/HAWK-FD-09/side.png,https://pub-a56823b59c6247ebba0bb168d783ba17.r2.dev/src/images/HAWK-FD-09/disc.png
Reincarnated.Store,Full Disclosure,Monumental,HAWK-FD-10,digital > Full Disclosure,0.69,1.0,"Digital download of ""Monumental"" by Hawk Eye The Rapper.",https://pub-a56823b59c6247ebba0bb168d783ba17.r2.dev/src/audio/HAWK-FD-10/monumental.mp3,https://pub-a56823b59c6247ebba0bb168d783ba17.r2.dev/src/video/HAWK-FD-10/monumental.mp4,https://pub-a56823b59c6247ebba0bb168d783ba17.r2.dev/src/images/HAWK-FD-10/album_art.png,https://kunaki.com/Sales.asp?PID=PX00ZODS5W&PP=1,https://pub-a56823b59c6247ebba0bb168d783ba17.r2.dev/src/images/HAWK-FD-10/audio.mp3,https://pub-a56823b59c6247ebba0bb168d783ba17.r2.dev/src/images/HAWK-FD-10/video.mp4,https://Kunaki.com/MSales.asp?PublisherId=HAWK-FD-10,https://pub-a56823b59c6247ebba0bb168d783ba17.r2.dev/src/images/HAWK-FD-10/back.png,https://pub-a56823b59c6247ebba0bb168d783ba17.r2.dev/src/images/HAWK-FD-10/side.png,https://pub-a56823b59c6247ebba0bb168d783ba17.r2.dev/src/images/HAWK-FD-10/disc.png
Reincarnated.Store,Full Disclosure,Trafficked,HAWK-FD-11,digital > Full Disclosure,0.69,1.0,"Digital download of ""Trafficked"" by Hawk Eye The Rapper.",https://pub-a56823b59c6247ebba0bb168d783ba17.r2.dev/src/audio/HAWK-FD-11/trafficked.mp3,https://pub-a56823b59c6247ebba0bb168d783ba17.r2.dev/src/video/HAWK-FD-11/trafficked.mp4,https://pub-a56823b59c6247ebba0bb168d783ba17.r2.dev/src/images/HAWK-FD-11/album_art.png,https://kunaki.com/Sales.asp?PID=PX00ZODS5W&PP=1,https://pub-a56823b59c6247ebba0bb168d783ba17.r2.dev/src/images/HAWK-FD-11/audio.mp3,https://pub-a56823b59c6247ebba0bb168d783ba17.r2.dev/src/images/HAWK-FD-11/video.mp4,https://Kunaki.com/MSales.asp?PublisherId=HAWK-FD-11,https://pub-a56823b59c6247ebba0bb168d783ba17.r2.dev/src/images/HAWK-FD-11/back.png,https://pub-a56823b59c6247ebba0bb168d783ba17.r2.dev/src/images/HAWK-FD-11/side.png,https://pub-a56823b59c6247ebba0bb168d783ba17.r2.dev/src/images/HAWK-FD-11/disc.png
Reincarnated.Store,Full Disclosure,Hocus Pocus,HAWK-FD-12,digital > Full Disclosure,0.69,1.0,"Digital download of ""Hocus Pocus"" by Hawk Eye The Rapper.",https://pub-a56823b59c6247ebba0bb168d783ba17.r2.dev/src/audio/HAWK-FD-12/hocus_pocus.mp3,https://pub-a56823b59c6247ebba0bb168d783ba17.r2.dev/src/video/HAWK-FD-12/hocus_pocus.mp4,https://pub-a56823b59c6247ebba0bb168d783ba17.r2.dev/src/images/HAWK-FD-12/album_art.png,https://kunaki.com/Sales.asp?PID=PX00ZODS5W&PP=1,https://pub-a56823b59c6247ebba0bb168d783ba17.r2.dev/src/images/HAWK-FD-12/audio.mp3,https://pub-a56823b59c6247ebba0bb168d783ba17.r2.dev/src/images/HAWK-FD-12/video.mp4,https://Kunaki.com/MSales.asp?PublisherId=HAWK-FD-12,https://pub-a56823b59c6247ebba0bb168d783ba17.r2.dev/src/images/HAWK-FD-12/back.png,https://pub-a56823b59c6247ebba0bb168d783ba17.r2.dev/src/images/HAWK-FD-12/side.png,https://pub-a56823b59c6247ebba0bb168d783ba17.r2.dev/src/images/HAWK-FD-12/disc.png
Reincarnated.Store,Full Disclosure,Syntax,HAWK-FD-13,digital > Full Disclosure,0.69,1.0,"Digital download of ""Syntax"" by Hawk Eye The Rapper.",https://pub-a56823b59c6247ebba0bb168d783ba17.r2.dev/src/audio/HAWK-FD-13/syntax.mp3,https://pub-a56823b59c6247ebba0bb168d783ba17.r2.dev/src/video/HAWK-FD-13/syntax.mp4,https://pub-a56823b59c6247ebba0bb168d783ba17.r2.dev/src/images/HAWK-FD-13/album_art.png,https://kunaki.com/Sales.asp?PID=PX00ZODS5W&PP=1,https://pub-a56823b59c6247ebba0bb168d783ba17.r2.dev/src/images/HAWK-FD-13/audio.mp3,https://pub-a56823b59c6247ebba0bb168d783ba17.r2.dev/src/images/HAWK-FD-13/video.mp4,https://Kunaki.com/MSales.asp?PublisherId=HAWK-FD-13,https://pub-a56823b59c6247ebba0bb168d783ba17.r2.dev/src/images/HAWK-FD-13/back.png,https://pub-a56823b59c6247ebba0bb168d783ba17.r2.dev/src/images/HAWK-FD-13/side.png,https://pub-a56823b59c6247ebba0bb168d783ba17.r2.dev/src/images/HAWK-FD-13/disc.png
Reincarnated.Store,Full Disclosure,Stay Real,HAWK-FD-14,digital > Full Disclosure,0.69,1.0,"Digital download of ""Stay Real"" by Hawk Eye The Rapper.",https://pub-a56823b59c6247ebba0bb168d783ba17.r2.dev/src/audio/HAWK-FD-14/stay_real.mp3,https://pub-a56823b59c6247ebba0bb168d783ba17.r2.dev/src/video/HAWK-FD-14/stay_real.mp4,https://pub-a56823b59c6247ebba0bb168d783ba17.r2.dev/src/images/HAWK-FD-14/album_art.png,https://kunaki.com/Sales.asp?PID=PX00ZODS5W&PP=1,https://pub-a56823b59c6247ebba0bb168d783ba17.r2.dev/src/images/HAWK-FD-14/audio.mp3,https://pub-a56823b59c6247ebba0bb168d783ba17.r2.dev/src/images/HAWK-FD-14/video.mp4,https://Kunaki.com/MSales.asp?PublisherId=HAWK-FD-14,https://pub-a56823b59c6247ebba0bb168d783ba17.r2.dev/src/images/HAWK-FD-14/back.png,https://pub-a56823b59c6247ebba0bb168d783ba17.r2.dev/src/images/HAWK-FD-14/side.png,https://pub-a56823b59c6247ebba0bb168d783ba17.r2.dev/src/images/HAWK-FD-14/disc.png
Reincarnated.Store,Full Disclosure,The Story Of Our Former Glory,HAWK-FD-15,digital > Full Disclosure,0.69,1.0,Digital download of “The Story Of Our Former Glory” by Hawk Eye The Rapper.,https://pub-a56823b59c6247ebba0bb168d783ba17.r2.dev/src/audio/HAWK-FD-15/the_story_of_our_former_glory.mp3,https://pub-a56823b59c6247ebba0bb168d783ba17.r2.dev/src/video/HAWK-FD-15/the_story_of_our_former_glory.mp4,https://pub-a56823b59c6247ebba0bb168d783ba17.r2.dev/src/images/HAWK-FD-15/album_art.png,https://kunaki.com/Sales.asp?PID=PX00ZODS5W&PP=1,https://pub-a56823b59c6247ebba0bb168d783ba17.r2.dev/src/images/HAWK-FD-15/audio.mp3,https://pub-a56823b59c6247ebba0bb168d783ba17.r2.dev/src/images/HAWK-FD-15/video.mp4,https://Kunaki.com/MSales.asp?PublisherId=HAWK-FD-15,https://pub-a56823b59c6247ebba0bb168d783ba17.r2.dev/src/images/HAWK-FD-15/back.png,https://pub-a56823b59c6247ebba0bb168d783ba17.r2.dev/src/images/HAWK-FD-15/side.png,https://pub-a56823b59c6247ebba0bb168d783ba17.r2.dev/src/images/HAWK-FD-15/disc.png
Reincarnated.Store,Behold A Pale Horse,Warning Shots,HAWK-BAP-01,digital > Behold A Pale Horse,0.69,1.0,"Digital download of ""Warning Shots"" by Hawk Eye The Rapper.",https://pub-a56823b59c6247ebba0bb168d783ba17.r2.dev/src/audio/HAWK-BAP-01/warning_shots.mp3,https://pub-a56823b59c6247ebba0bb168d783ba17.r2.dev/src/video/HAWK-BAP-01/warning_shots.mp4,https://pub-a56823b59c6247ebba0bb168d783ba17.r2.dev/src/images/HAWK-BAP-01/album_art.png,https://kunaki.com/sales.asp?PID=PX00ZNJH4G&pp=1,,,,,,
Reincarnated.Store,Behold A Pale Horse,Behold A Pale Horse,HAWK-BAP-02,digital > Behold A Pale Horse,0.69,1.0,"Digital download of ""Behold A Pale Horse"" by Hawk Eye The Rapper.",https://pub-a56823b59c6247ebba0bb168d783ba17.r2.dev/src/audio/HAWK-BAP-02/behold_a_pale_horse.mp3,https://pub-a56823b59c6247ebba0bb168d783ba17.r2.dev/src/video/HAWK-BAP-02/behold_a_pale_horse.mp4,https://pub-a56823b59c6247ebba0bb168d783ba17.r2.dev/src/images/HAWK-BAP-02/album_art.png,https://kunaki.com/sales.asp?PID=PX00ZNJH4G&pp=1,,,,,,
Reincarnated.Store,Behold A Pale Horse,Kamikaze,HAWK-BAP-03,digital > Behold A Pale Horse,0.69,1.0,"Digital download of ""Kamikaze"" by Hawk Eye The Rapper.",https://pub-a56823b59c6247ebba0bb168d783ba17.r2.dev/src/audio/HAWK-BAP-03/kamikaze.mp3,https://pub-a56823b59c6247ebba0bb168d783ba17.r2.dev/src/video/HAWK-BAP-03/kamikaze.mp4,https://pub-a56823b59c6247ebba0bb168d783ba17.r2.dev/src/images/HAWK-BAP-03/album_art.png,https://kunaki.com/sales.asp?PID=PX00ZNJH4G&pp=1,,,,,,
Reincarnated.Store,Behold A Pale Horse,Whistle Blower,HAWK-BAP-04,digital > Behold A Pale Horse,0.69,1.0,"Digital download of ""Whistle Blower"" by Hawk Eye The Rapper.",https://pub-a56823b59c6247ebba0bb168d783ba17.r2.dev/src/audio/HAWK-BAP-04/whistle_blower.mp3,https://pub-a56823b59c6247ebba0bb168d783ba17.r2.dev/src/video/HAWK-BAP-04/whistle_blower.mp4,https://pub-a56823b59c6247ebba0bb168d783ba17.r2.dev/src/images/HAWK-BAP-04/album_art.png,https://kunaki.com/sales.asp?PID=PX00ZNJH4G&pp=1,,,,,,
Reincarnated.Store,Behold A Pale Horse,Scripture,HAWK-BAP-05,digital > Behold A Pale Horse,0.69,1.0,"Digital download of ""Scripture"" by Hawk Eye The Rapper.",https://pub-a56823b59c6247ebba0bb168d783ba17.r2.dev/src/audio/HAWK-BAP-05/scripture.mp3,https://pub-a56823b59c6247ebba0bb168d783ba17.r2.dev/src/video/HAWK-BAP-05/scripture.mp4,https://pub-a56823b59c6247ebba0bb168d783ba17.r2.dev/src/images/HAWK-BAP-05/album_art.png,https://kunaki.com/sales.asp?PID=PX00ZNJH4G&pp=1,,,,,,
Reincarnated.Store,Behold A Pale Horse,Superstitions,HAWK-BAP-06,digital > Behold A Pale Horse,0.69,1.0,"Digital download of ""Superstitions"" by Hawk Eye The Rapper.",https://pub-a56823b59c6247ebba0bb168d783ba17.r2.dev/src/audio/HAWK-BAP-06/superstitions.mp3,https://pub-a56823b59c6247ebba0bb168d783ba17.r2.dev/src/video/HAWK-BAP-06/superstitions.mp4,https://pub-a56823b59c6247ebba0bb168d783ba17.r2.dev/src/images/HAWK-BAP-06/album_art.png,https://kunaki.com/sales.asp?PID=PX00ZNJH4G&pp=1,,,,,,
Reincarnated.Store,Behold A Pale Horse,Menace To Society,HAWK-BAP-07,digital > Behold A Pale Horse,0.69,1.0,"Digital download of ""Menace To Society"" by Hawk Eye The Rapper.",https://pub-a56823b59c6247ebba0bb168d783ba17.r2.dev/src/audio/HAWK-BAP-07/menace_to_society.mp3,https://pub-a56823b59c6247ebba0bb168d783ba17.r2.dev/src/video/HAWK-BAP-07/menace_to_society.mp4,https://pub-a56823b59c6247ebba0bb168d783ba17.r2.dev/src/images/HAWK-BAP-07/album_art.png,https://kunaki.com/sales.asp?PID=PX00ZNJH4G&pp=1,,,,,,
Reincarnated.Store,Behold A Pale Horse,Semi Automatic,HAWK-BAP-08,digital > Behold A Pale Horse,0.69,1.0,"Digital download of ""Semi Automatic"" by Hawk Eye The Rapper.",https://pub-a56823b59c6247ebba0bb168d783ba17.r2.dev/src/audio/HAWK-BAP-08/semi_automatic.mp3,https://pub-a56823b59c6247ebba0bb168d783ba17.r2.dev/src/video/HAWK-BAP-08/semi_automatic.mp4,https://pub-a56823b59c6247ebba0bb168d783ba17.r2.dev/src/images/HAWK-BAP-08/album_art.png,https://kunaki.com/sales.asp?PID=PX00ZNJH4G&pp=1,,,,,,
Reincarnated.Store,Behold A Pale Horse,Reverse This Curse,HAWK-BAP-09,digital > Behold A Pale Horse,0.69,1.0,"Digital download of ""Reverse This Curse"" by Hawk Eye The Rapper.",https://pub-a56823b59c6247ebba0bb168d783ba17.r2.dev/src/audio/HAWK-BAP-09/reverse_this_curse.mp3,https://pub-a56823b59c6247ebba0bb168d783ba17.r2.dev/src/video/HAWK-BAP-09/reverse_this_curse.mp4,https://pub-a56823b59c6247ebba0bb168d783ba17.r2.dev/src/images/HAWK-BAP-09/album_art.png,https://kunaki.com/sales.asp?PID=PX00ZNJH4G&pp=1,,,,,,
Reincarnated.Store,Behold A Pale Horse,K.T.,HAWK-BAP-10,digital > Behold A Pale Horse,0.69,1.0,"Digital download of ""K T"" by Hawk Eye The Rapper.",https://pub-a56823b59c6247ebba0bb168d783ba17.r2.dev/src/audio/HAWK-BAP-10/kt.mp3,https://pub-a56823b59c6247ebba0bb168d783ba17.r2.dev/src/video/HAWK-BAP-10/kt.mp4,https://pub-a56823b59c6247ebba0bb168d783ba17.r2.dev/src/images/HAWK-BAP-10/album_art.png,https://kunaki.com/sales.asp?PID=PX00ZNJH4G&pp=1,,,,,,
Reincarnated.Store,Behold A Pale Horse,The Story Celebrated Throughout Time,HAWK-BAP-11,digital > Behold A Pale Horse,0.69,1.0,Digital download of “The Story Celebrated Throughout Time” by Hawk Eye The Rapper.,https://pub-a56823b59c6247ebba0bb168d783ba17.r2.dev/src/audio/HAWK-BAP-11/the_story_celebrated_throughout_time.mp3,https://pub-a56823b59c6247ebba0bb168d783ba17.r2.dev/src/video/HAWK-BAP-11/the_story_celebrated_throughout_time.mp4,https://pub-a56823b59c6247ebba0bb168d783ba17.r2.dev/src/images/HAWK-BAP-11/album_art.png,https://kunaki.com/sales.asp?PID=PX00ZNJH4G&pp=1,,,,,,
Reincarnated.Store,Milabs,Soft Disclosure,HAWK-M-01,digital > Milabs,0.69,1.0,"Digital download of ""Soft Disclosure"" by Hawk Eye The Rapper.",https://pub-a56823b59c6247ebba0bb168d783ba17.r2.dev/src/audio/HAWK-M-01/soft_disclosure.mp3,https://pub-a56823b59c6247ebba0bb168d783ba17.r2.dev/src/video/HAWK-M-01/soft_disclosure.mp4,https://pub-a56823b59c6247ebba0bb168d783ba17.r2.dev/src/images/HAWK-M-01/album_art.png,http://Kunaki.com/Sales.asp?PID=PX00ZODY42&PP=1,,,,,,
Reincarnated.Store,Milabs,Abreactions,HAWK-M-02,digital > Milabs,0.69,1.0,"Digital download of ""Abreactions"" by Hawk Eye The Rapper.",https://pub-a56823b59c6247ebba0bb168d783ba17.r2.dev/src/audio/HAWK-M-02/abreactions.mp3,https://pub-a56823b59c6247ebba0bb168d783ba17.r2.dev/src/video/HAWK-M-02/abreactions.mp4,https://pub-a56823b59c6247ebba0bb168d783ba17.r2.dev/src/images/HAWK-M-02/album_art.png,http://Kunaki.com/Sales.asp?PID=PX00ZODY42&PP=1,,,,,,
Reincarnated.Store,Milabs,Eyes Wide Open,HAWK-M-03,digital > Milabs,0.69,1.0,"Digital download of ""Eyes Wide Open"" by Hawk Eye The Rapper.",https://pub-a56823b59c6247ebba0bb168d783ba17.r2.dev/src/audio/HAWK-M-03/eyes_wide_open.mp3,https://pub-a56823b59c6247ebba0bb168d783ba17.r2.dev/src/video/HAWK-M-03/eyes_wide_open.mp4,https://pub-a56823b59c6247ebba0bb168d783ba17.r2.dev/src/images/HAWK-M-03/album_art.png,http://Kunaki.com/Sales.asp?PID=PX00ZODY42&PP=1,,,,,,
Reincarnated.Store,Milabs,Delta Squad,HAWK-M-04,digital > Milabs,0.69,1.0,"Digital download of ""Delta Squad"" by Hawk Eye The Rapper.",https://pub-a56823b59c6247ebba0bb168d783ba17.r2.dev/src/audio/HAWK-M-04/delta_squad.mp3,https://pub-a56823b59c6247ebba0bb168d783ba17.r2.dev/src/video/HAWK-M-04/delta_squad.mp4,https://pub-a56823b59c6247ebba0bb168d783ba17.r2.dev/src/images/HAWK-M-04/album_art.png,http://Kunaki.com/Sales.asp?PID=PX00ZODY42&PP=1,,,,,,
Reincarnated.Store,Milabs,Implants,HAWK-M-05,digital > Milabs,0.69,1.0,"Digital download of ""Implants"" by Hawk Eye The Rapper.",https://pub-a56823b59c6247ebba0bb168d783ba17.r2.dev/src/audio/HAWK-M-05/implants.mp3,https://pub-a56823b59c6247ebba0bb168d783ba17.r2.dev/src/video/HAWK-M-05/implants.mp4,https://pub-a56823b59c6247ebba0bb168d783ba17.r2.dev/src/images/HAWK-M-05/album_art.png,http://Kunaki.com/Sales.asp?PID=PX00ZODY42&PP=1,,,,,,
Reincarnated.Store,Milabs,Illuminati,HAWK-M-06,digital > Milabs,0.69,1.0,"Digital download of ""Illuminati"" by Hawk Eye The Rapper.",https://pub-a56823b59c6247ebba0bb168d783ba17.r2.dev/src/audio/HAWK-M-06/illuminati.mp3,https://pub-a56823b59c6247ebba0bb168d783ba17.r2.dev/src/video/HAWK-M-06/illuminati.mp4,https://pub-a56823b59c6247ebba0bb168d783ba17.r2.dev/src/images/HAWK-M-06/album_art.png,http://Kunaki.com/Sales.asp?PID=PX00ZODY42&PP=1,,,,,,
Reincarnated.Store,Milabs,FEMA,HAWK-M-07,digital > Milabs,0.69,1.0,"Digital download of ""Fema"" by Hawk Eye The Rapper.",https://pub-a56823b59c6247ebba0bb168d783ba17.r2.dev/src/audio/HAWK-M-07/fema.mp3,https://pub-a56823b59c6247ebba0bb168d783ba17.r2.dev/src/video/HAWK-M-07/fema.mp4,https://pub-a56823b59c6247ebba0bb168d783ba17.r2.dev/src/images/HAWK-M-07/album_art.png,http://Kunaki.com/Sales.asp?PID=PX00ZODY42&PP=1,,,,,,
Reincarnated.Store,Milabs,The Antitdote,HAWK-M-08,digital > Milabs,0.69,1.0,"Digital download of ""Antidote"" by Hawk Eye The Rapper.",https://pub-a56823b59c6247ebba0bb168d783ba17.r2.dev/src/audio/HAWK-M-08/the_antitdote.mp3,https://pub-a56823b59c6247ebba0bb168d783ba17.r2.dev/src/video/HAWK-M-08/the_antitdote.mp4,https://pub-a56823b59c6247ebba0bb168d783ba17.r2.dev/src/images/HAWK-M-08/album_art.png,http://Kunaki.com/Sales.asp?PID=PX00ZODY42&PP=1,,,,,,
Reincarnated.Store,Milabs,Avalanche,HAWK-M-09,digital > Milabs,0.69,1.0,"Digital download of ""Avalanche"" by Hawk Eye The Rapper.",https://pub-a56823b59c6247ebba0bb168d783ba17.r2.dev/src/audio/HAWK-M-09/avalanche.mp3,https://pub-a56823b59c6247ebba0bb168d783ba17.r2.dev/src/video/HAWK-M-09/avalanche.mp4,https://pub-a56823b59c6247ebba0bb168d783ba17.r2.dev/src/images/HAWK-M-09/album_art.png,http://Kunaki.com/Sales.asp?PID=PX00ZODY42&PP=1,,,,,,
Reincarnated.Store,Milabs,Artificial Intelligence,HAWK-M-10,digital > Milabs,0.69,1.0,"Digital download of ""Artificial Intelligence"" by Hawk Eye The Rapper.",https://pub-a56823b59c6247ebba0bb168d783ba17.r2.dev/src/audio/HAWK-M-10/artificial_intelligence.mp3,https://pub-a56823b59c6247ebba0bb168d783ba17.r2.dev/src/video/HAWK-M-10/artificial_intelligence.mp4,https://pub-a56823b59c6247ebba0bb168d783ba17.r2.dev/src/images/HAWK-M-10/album_art.png,http://Kunaki.com/Sales.asp?PID=PX00ZODY42&PP=1,,,,,,
Reincarnated.Store,Milabs,Legion,HAWK-M-11,digital > Milabs,0.69,1.0,"Digital download of ""Legion"" by Hawk Eye The Rapper.",https://pub-a56823b59c6247ebba0bb168d783ba17.r2.dev/src/audio/HAWK-M-11/legion.mp3,https://pub-a56823b59c6247ebba0bb168d783ba17.r2.dev/src/video/HAWK-M-11/legion.mp4,https://pub-a56823b59c6247ebba0bb168d783ba17.r2.dev/src/images/HAWK-M-11/album_art.png,http://Kunaki.com/Sales.asp?PID=PX00ZODY42&PP=1,,,,,,
Reincarnated.Store,Milabs,When My Elites Surround,HAWK-M-12,digital > Milabs,0.69,1.0,"Digital download of ""When My Elites Surround"" by Hawk Eye The Rapper.",https://pub-a56823b59c6247ebba0bb168d783ba17.r2.dev/src/audio/HAWK-M-12/when_my_elites_surround.mp3,https://pub-a56823b59c6247ebba0bb168d783ba17.r2.dev/src/video/HAWK-M-12/when_my_elites_surround.mp4,https://pub-a56823b59c6247ebba0bb168d783ba17.r2.dev/src/images/HAWK-M-12/album_art.png,http://Kunaki.com/Sales.asp?PID=PX00ZODY42&PP=1,,,,,,
Reincarnated.Store,Milabs,Reincarnated 2 Resist,HAWK-M-13,digital > Milabs,0.69,1.0,"Digital download of ""Reincarnated 2 Resist"" by Hawk Eye The Rapper.",https://pub-a56823b59c6247ebba0bb168d783ba17.r2.dev/src/audio/HAWK-M-13/reincarnated_2_resist.mp3,https://pub-a56823b59c6247ebba0bb168d783ba17.r2.dev/src/video/HAWK-M-13/reincarnated_2_resist.mp4,https://pub-a56823b59c6247ebba0bb168d783ba17.r2.dev/src/images/HAWK-M-13/album_art.png,http://Kunaki.com/Sales.asp?PID=PX00ZODY42&PP=1,,,,,,
Reincarnated.Store,The Malicious EP,Malicious,HAWK-ME-01,digital > Malicious EP,0.69,1.0,"Digital download of “Malicious"" by Hawk Eye The Rapper.",https://pub-a56823b59c6247ebba0bb168d783ba17.r2.dev/src/audio/HAWK-ME-01/malicious.mp3,https://pub-a56823b59c6247ebba0bb168d783ba17.r2.dev/src/video/HAWK-ME-01/malicious.mp4,https://pub-a56823b59c6247ebba0bb168d783ba17.r2.dev/src/images/HAWK-ME-01/album_art.png,https://kunaki.com/msales.asp?PublisherId=167622&pp=1,,,,,,
Reincarnated.Store,The Malicious EP,Gang Shit,HAWK-ME-02,digital > Malicious EP,0.69,1.0,"Digital download of “Gang Shitt"" by Hawk Eye The Rapper.",https://pub-a56823b59c6247ebba0bb168d783ba17.r2.dev/src/audio/HAWK-ME-02/gang_shit.mp3,https://pub-a56823b59c6247ebba0bb168d783ba17.r2.dev/src/video/HAWK-ME-02/gang_shit.mp4,https://pub-a56823b59c6247ebba0bb168d783ba17.r2.dev/src/images/HAWK-ME-02/album_art.png,https://kunaki.com/msales.asp?PublisherId=167622&pp=1,,,,,,
Reincarnated.Store,The Malicious EP,The Motherfucking Problem,HAWK-ME-03,digital > Malicious EP,0.69,1.0,Digital download of “The Motherfucker Problem” by Hawk Eye The Rapper.,https://pub-a56823b59c6247ebba0bb168d783ba17.r2.dev/src/audio/HAWK-ME-03/the_motherfucking_problem.mp3,https://pub-a56823b59c6247ebba0bb168d783ba17.r2.dev/src/video/HAWK-ME-03/the_motherfucking_problem.mp4,https://pub-a56823b59c6247ebba0bb168d783ba17.r2.dev/src/images/HAWK-ME-03/album_art.png,https://kunaki.com/msales.asp?PublisherId=167622&pp=1,,,,,,
Reincarnated.Store,The Malicious EP,Forgot I’m Him,HAWK-ME-04,digital > Malicious EP,0.69,1.0,Digital download of “Forgot I’m Him” by Hawk Eye The Rapper.,https://pub-a56823b59c6247ebba0bb168d783ba17.r2.dev/src/audio/HAWK-ME-04/forgot_im_him.mp3,https://pub-a56823b59c6247ebba0bb168d783ba17.r2.dev/src/video/HAWK-ME-04/forgot_im_him.mp4,https://pub-a56823b59c6247ebba0bb168d783ba17.r2.dev/src/images/HAWK-ME-04/album_art.png,https://kunaki.com/msales.asp?PublisherId=167622&pp=1,,,,,,
Reincarnated.Store,Shadow Banned,Psychological Warfare,HAWK-SB-01,digital > Shadow Banned,0.69,1.0,"Digital download of ""Psychological Warfare"" by Hawk Eye The Rapper.",https://pub-a56823b59c6247ebba0bb168d783ba17.r2.dev/src/audio/HAWK-SB-01/psychological_warfare.mp3,https://pub-a56823b59c6247ebba0bb168d783ba17.r2.dev/src/video/HAWK-SB-01/psychological_warfare.mp4,https://pub-a56823b59c6247ebba0bb168d783ba17.r2.dev/src/images/HAWK-SB-01/album_art.png,https://kunaki.com/sales.asp?PID=PX00Z58D2E&pp=1,,,,,,
Reincarnated.Store,Shadow Banned,Down The Rabbit Hole,HAWK-SB-02,digital > Shadow Banned,0.69,1.0,"Digital download of ""Down The Rabbit Hole"" by Hawk Eye The Rapper.",https://pub-a56823b59c6247ebba0bb168d783ba17.r2.dev/src/audio/HAWK-SB-02/down_the_rabbit_hole.mp3,https://pub-a56823b59c6247ebba0bb168d783ba17.r2.dev/src/video/HAWK-SB-02/down_the_rabbit_hole.mp4,https://pub-a56823b59c6247ebba0bb168d783ba17.r2.dev/src/images/HAWK-SB-02/album_art.png,https://kunaki.com/sales.asp?PID=PX00Z58D2E&pp=1,,,,,,
Reincarnated.Store,Shadow Banned,Domestic Terrorist,HAWK-SB-03,digital > Shadow Banned,0.69,1.0,"Digital download of ""Domestic Terrorist"" by Hawk Eye The Rapper.",https://pub-a56823b59c6247ebba0bb168d783ba17.r2.dev/src/audio/HAWK-SB-03/domestic_terrorist.mp3,https://pub-a56823b59c6247ebba0bb168d783ba17.r2.dev/src/video/HAWK-SB-03/domestic_terrorist.mp4,https://pub-a56823b59c6247ebba0bb168d783ba17.r2.dev/src/images/HAWK-SB-03/album_art.png,https://kunaki.com/sales.asp?PID=PX00Z58D2E&pp=1,,,,,,
Reincarnated.Store,Shadow Banned,Relentless,HAWK-SB-04,digital > Shadow Banned,0.69,1.0,"Digital download of ""Relentless"" by Hawk Eye The Rapper.",https://pub-a56823b59c6247ebba0bb168d783ba17.r2.dev/src/audio/HAWK-SB-04/relentless.mp3,https://pub-a56823b59c6247ebba0bb168d783ba17.r2.dev/src/video/HAWK-SB-04/relentless.mp4,https://pub-a56823b59c6247ebba0bb168d783ba17.r2.dev/src/images/HAWK-SB-04/album_art.png,https://kunaki.com/sales.asp?PID=PX00Z58D2E&pp=1,,,,,,
Reincarnated.Store,Shadow Banned,Never Heard Of Me,HAWK-SB-05,digital > Shadow Banned,0.69,1.0,"Digital download of ""Never Heard Of Me"" by Hawk Eye The Rapper.",https://pub-a56823b59c6247ebba0bb168d783ba17.r2.dev/src/audio/HAWK-SB-05/never_heard_of_me.mp3,https://pub-a56823b59c6247ebba0bb168d783ba17.r2.dev/src/video/HAWK-SB-05/never_heard_of_me.mp4,https://pub-a56823b59c6247ebba0bb168d783ba17.r2.dev/src/images/HAWK-SB-05/album_art.png,https://kunaki.com/sales.asp?PID=PX00Z58D2E&pp=1,,,,,,
Reincarnated.Store,Shadow Banned,Spiteful Poetry,HAWK-SB-06,digital > Shadow Banned,0.69,1.0,"Digital download of ""Spiteful Poetry"" by Hawk Eye The Rapper.",https://pub-a56823b59c6247ebba0bb168d783ba17.r2.dev/src/audio/HAWK-SB-06/spiteful_poetry.mp3,https://pub-a56823b59c6247ebba0bb168d783ba17.r2.dev/src/video/HAWK-SB-06/spiteful_poetry.mp4,https://pub-a56823b59c6247ebba0bb168d783ba17.r2.dev/src/images/HAWK-SB-06/album_art.png,https://kunaki.com/sales.asp?PID=PX00Z58D2E&pp=1,,,,,,
Reincarnated.Store,Shadow Banned,The Devil’s In The Details,HAWK-SB-07,digital > Shadow Banned,0.69,1.0,"Digital download of “The Devil’s In The Details"" by Hawk Eye The Rapper.",https://pub-a56823b59c6247ebba0bb168d783ba17.r2.dev/src/audio/HAWK-SB-07/the_devils_in_the_details.mp3,https://pub-a56823b59c6247ebba0bb168d783ba17.r2.dev/src/video/HAWK-SB-07/the_devils_in_the_details.mp4,https://pub-a56823b59c6247ebba0bb168d783ba17.r2.dev/src/images/HAWK-SB-07/album_art.png,https://kunaki.com/sales.asp?PID=PX00Z58D2E&pp=1,,,,,,
Reincarnated.Store,Shadow Banned,The Game,HAWK-SB-08,digital > Shadow Banned,0.69,1.0,"Digital download of “The Game"" by Hawk Eye The Rapper.",https://pub-a56823b59c6247ebba0bb168d783ba17.r2.dev/src/audio/HAWK-SB-08/the_game.mp3,https://pub-a56823b59c6247ebba0bb168d783ba17.r2.dev/src/video/HAWK-SB-08/the_game.mp4,https://pub-a56823b59c6247ebba0bb168d783ba17.r2.dev/src/images/HAWK-SB-08/album_art.png,https://kunaki.com/sales.asp?PID=PX00Z58D2E&pp=1,,,,,,
Reincarnated.Store,Shadow Banned,The Shadow Is Rising,HAWK-SB-09,digital > Shadow Banned,0.69,1.0,"Digital download of ""Shadow Is Rising"" by Hawk Eye The Rapper.",https://pub-a56823b59c6247ebba0bb168d783ba17.r2.dev/src/audio/HAWK-SB-09/the_shadow_is_rising.mp3,https://pub-a56823b59c6247ebba0bb168d783ba17.r2.dev/src/video/HAWK-SB-09/the_shadow_is_rising.mp4,https://pub-a56823b59c6247ebba0bb168d783ba17.r2.dev/src/images/HAWK-SB-09/album_art.png,https://kunaki.com/sales.asp?PID=PX00Z58D2E&pp=1,,,,,,
Reincarnated.Store,Shadow Banned,When Shit Gets Real,HAWK-SB-10,digital > Shadow Banned,0.69,1.0,"Digital download of ""When Shit Gets Real"" by Hawk Eye The Rapper.",https://pub-a56823b59c6247ebba0bb168d783ba17.r2.dev/src/audio/HAWK-SB-10/when_shit_gets_real.mp3,https://pub-a56823b59c6247ebba0bb168d783ba17.r2.dev/src/video/HAWK-SB-10/when_shit_gets_real.mp4,https://pub-a56823b59c6247ebba0bb168d783ba17.r2.dev/src/images/HAWK-SB-10/album_art.png,https://kunaki.com/sales.asp?PID=PX00Z58D2E&pp=1,,,,,,
Reincarnated.Store,Shadow Banned,Invokation,HAWK-SB-11,digital > Shadow Banned,0.69,1.0,"Digital download of ""Synthesis"" by Hawk Eye The Rapper.",https://pub-a56823b59c6247ebba0bb168d783ba17.r2.dev/src/audio/HAWK-SB-11/invokation.mp3,https://pub-a56823b59c6247ebba0bb168d783ba17.r2.dev/src/video/HAWK-SB-11/invokation.mp4,https://pub-a56823b59c6247ebba0bb168d783ba17.r2.dev/src/images/HAWK-SB-11/album_art.png,https://kunaki.com/sales.asp?PID=PX00Z58D2E&pp=1,,,,,,
Reincarnated.Store,Shadow Banned,Synthesis,HAWK-SB-12,digital > Shadow Banned,0.69,1.0,"Digital download of ""Invokation"" by Hawk Eye The Rapper.",https://pub-a56823b59c6247ebba0bb168d783ba17.r2.dev/src/audio/HAWK-SB-12/synthesis.mp3,https://pub-a56823b59c6247ebba0bb168d783ba17.r2.dev/src/video/HAWK-SB-12/synthesis.mp4,https://pub-a56823b59c6247ebba0bb168d783ba17.r2.dev/src/images/HAWK-SB-12/album_art.png,https://kunaki.com/sales.asp?PID=PX00Z58D2E&pp=1,,,,,,
Reincarnated.Store,Shadow Banned,Krystal Klear,HAWK-SB-13,digital > Shadow Banned,0.69,1.0,"Digital download of ""Krystal Klear"" by Hawk Eye The Rapper.",https://pub-a56823b59c6247ebba0bb168d783ba17.r2.dev/src/audio/HAWK-SB-13/krystal_klear.mp3,https://pub-a56823b59c6247ebba0bb168d783ba17.r2.dev/src/video/HAWK-SB-13/krystal_klear.mp4,https://pub-a56823b59c6247ebba0bb168d783ba17.r2.dev/src/images/HAWK-SB-13/album_art.png,https://kunaki.com/sales.asp?PID=PX00Z58D2E&pp=1,,,,,,
